,index,Unnamed: 0,0,1,2,3,4,5,6,7,8,9,10,11,12,13,14,15,16
0,0,0,BMT,Brighton,Av H,40.62927,-73.961639,B,Q,,,,,,,,,11230,25068
1,1,1,IND,Rockaway,Beach 36th St,40.595397999999996,-73.768175,A,,,,,,,,,,11691,18914
2,2,2,IRT,Dyre Av,Morris Park,40.854364000000004,-73.860495,5,,,,,,,,,,10462,23628
3,3,3,IRT,Broadway-7th Ave,South Ferry,40.702068,-74.013664,R,1,,,,,,,,,10004,95707
4,4,4,BMT,Canarsie,Halsey St,40.695602,-73.904084,L,,,,,,,,,,11385,26235
5,5,5,IND,Queens Boulevard,75th Av,40.718331,-73.837324,E,F,,,,,,,,,11375,45616
6,6,6,IND,6 Avenue,Carroll St,40.680303,-73.995048,F,G,,,,,,,,,11231,56806
7,7,7,BMT,Canarsie,Union Square,40.734789,-73.99073,L,N,Q,R,4,5,6,,,,10003,85199
8,8,8,BMT,Broadway Jamaica,Cleveland St,40.679947,-73.884639,J,,,,,,,,,,11208,17235
9,9,9,IRT,Broadway-7th Ave,72nd St,40.778453000000006,-73.98196999999999,1,2,3,,,,,,,,10023,111473
10,10,10,IND,8 Avenue,High St,40.699337,-73.990531,A,C,J,Z,2,3,4,5.0,,,11201,71656
11,11,11,IRT,Lexington,110th St,40.79502,-73.94425,6,,,,,,,,,,10029,27030
12,12,12,BMT,Broadway Jamaica,Woodhaven Blvd,40.693878999999995,-73.851576,J,Z,,,,,,,,,11421,24385
13,13,13,IRT,Flushing,Queensboro Plaza,40.750582,-73.940202,N,Q,7,,,,,,,,11101,39670
14,14,14,BMT,Myrtle,Central Av,40.697857,-73.927397,M,,,,,,,,,,11221,22084
15,15,15,BMT,Broadway,Cortlandt St,40.710668,-74.01102900000001,R,,,,,,,,,,10007,166343
16,16,16,IRT,Flushing,Lincoln Av-52nd St,40.744149,-73.912549,7,,,,,,,,,,11377,24382
17,17,17,BMT,4 Avenue,53rd St,40.645069,-74.014034,R,,,,,,,,,,11220,17132
18,18,18,BMT,Broadway Jamaica,Alabama Av,40.676992,-73.89865400000001,J,,,,,,,,,,11207,18401
19,19,19,IND,8 Avenue,125th St,40.811109,-73.952343,A,B,C,D,,,,,,,10027,28396
20,20,20,BMT,4 Avenue,25th St,40.660396999999996,-73.998091,R,,,,,,,,,,11232,22028
21,21,21,IND,Concourse,155th St,40.830135,-73.938209,B,D,,,,,,,,,10039,21880
22,22,22,IRT,Broadway-7th Ave,Franklin St,40.719318,-74.006886,1,,,,,,,,,,10013,108003
23,23,23,IND,6 Avenue,42nd St,40.754222,-73.984569,B,D,F,M,7,,,,,,10036,77208
24,24,24,IRT,Nostrand,Sterling St,40.662742,-73.95085,2,5,,,,,,,,,11225,27054
25,25,25,IRT,Lexington,103rd St,40.7906,-73.947478,6,,,,,,,,,,10029,27030
26,26,26,IND,Fulton,Utica Av,40.679364,-73.930729,A,C,,,,,,,,,11233,21478
27,27,27,IRT,42nd St Shuttle,Grand Central,40.752769,-73.979189,GS,4,5,6,7,,,,,,10017,103346
28,28,28,BMT,Brighton,Cortelyou Rd,40.640927000000005,-73.963891,B,Q,,,,,,,,,11226,23110
29,29,29,BMT,4 Avenue,95th St,40.616622,-74.030876,R,,,,,,,,,,11209,39005
30,30,30,IRT,Pelham,Longwood Av,40.816103999999996,-73.896435,6,,,,,,,,,,10455,12897
31,31,31,IRT,Clark,Park Place,40.713051,-74.008811,A,C,E,1,2,3,,,,,10007,166343
32,32,32,BMT,Canarsie,Livonia Av,40.664038,-73.900571,L,,,,,,,,,,11212,17064
33,33,33,BMT,Brighton,Sheepshead Bay,40.586896,-73.954155,B,Q,,,,,,,,,11235,29449
34,34,34,BMT,4 Avenue,9th St,40.670846999999995,-73.988302,F,G,R,,,,,,,,11215,64040
35,35,35,IRT,Nostrand,Church Av,40.650843,-73.949575,2,5,,,,,,,,,11226,23110
36,36,36,IRT,Jerome,170th St,40.840075,-73.91779100000001,4,,,,,,,,,,10452,14136
37,37,37,IRT,Pelham,138th St-3rd Ave,40.810476,-73.926138,6,,,,,,,,,,10454,12325
38,38,38,BMT,Canarsie,Graham Av,40.714565,-73.944053,L,,,,,,,,,,11211,35470
39,39,39,IND,Crosstown,Myrtle-Willoughby Avs,40.694568,-73.949046,G,,,,,,,,,,11206,19071
40,40,40,IND,Queens Boulevard,63rd Drive-Rego Park,40.729846,-73.861604,M,R,,,,,,,,,11374,34187
41,41,41,IND,Fulton,Nostrand Av,40.680438,-73.95042600000001,A,C,,,,,,,,,11216,32291
42,42,42,IRT,Jerome,Mosholu Parkway,40.87975,-73.88465500000001,4,,,,,,,,,,10467,17484
43,43,43,IND,Fulton,Ralph Av,40.678822,-73.92078599999999,A,C,,,,,,,,,11233,21478
44,44,44,IRT,Lexington,116th St,40.798629,-73.94161700000001,6,,,,,,,,,,10029,27030
45,45,45,BMT,Broadway,Lexington Av,40.76266,-73.967258,N,Q,R,4,5,6,,,,,10022,133504
46,46,46,IRT,Dyre Av,Gun Hill Rd,40.869526,-73.846384,5,,,,,,,,,,10469,23628
47,47,47,IRT,Pelham,Buhre Av,40.84681,-73.83256899999999,6,,,,,,,,,,10461,28443
48,48,48,IRT,New Lots,Sutter Av,40.664716999999996,-73.92260999999999,3,,,,,,,,,,11212,17064
49,49,49,IRT,Flushing,45 Rd-Court House Sq,40.747023,-73.945264,E,G,M,7,,,,,,,11101,39670
50,50,50,BMT,Myrtle,Seneca Av,40.702762,-73.90774,M,,,,,,,,,,11385,26235
51,51,51,IRT,Nostrand,Winthrop St,40.656652,-73.9502,2,5,,,,,,,,,11225,27054
52,52,52,BMT,Broadway,Prince St,40.724329,-73.997702,N,R,,,,,,,,,10012,79481
53,53,53,IND,8 Avenue,72nd St,40.775594,-73.97641,B,C,,,,,,,,,10023,111473
54,54,54,BMT,Sea Beach,Kings Highway,40.603922999999995,-73.98035300000001,N,,,,,,,,,,11223,23928
55,55,55,BMT,Brighton,Parkside Av,40.655291999999996,-73.961495,B,Q,,,,,,,,,11226,23110
56,56,56,BMT,West End,55th St,40.631434999999996,-73.995476,D,,,,,,,,,,11219,15183
57,57,57,IRT,Lexington,14th St-Union Square,40.734673,-73.989951,L,N,Q,R,4,5,6,,,,10003,85199
58,58,58,BMT,Broadway Jamaica,Cypress Hills,40.689941,-73.87255,J,,,,,,,,,,11208,17235
59,59,59,IND,Queens Boulevard,Sutphin Blvd,40.705459999999995,-73.81070799999999,F,,,,,,,,,,11435,24100
60,60,60,BMT,Broadway Jamaica,104th St-102nd St,40.695178000000006,-73.84433,J,Z,,,,,,,,,11418,22888
61,61,61,IND,Fulton,Rockaway Av,40.678340000000006,-73.911946,A,C,,,,,,,,,11233,21478
62,62,62,BMT,West End,Fort Hamilton Parkway,40.640914,-73.994304,D,,,,,,,,,,11219,15183
63,63,63,IND,Queens Boulevard,5th Av-53rd St,40.760166999999996,-73.975224,E,M,,,,,,,,,10022,133504
64,64,64,BMT,Sea Beach,86th St,40.592721000000004,-73.97823000000001,N,,,,,,,,,,11223,23928
65,65,65,IND,Queens Boulevard,Woodhaven Blvd,40.733106,-73.869229,M,R,,,,,,,,,11374,34187
66,66,66,BMT,Astoria,30 Av-Grand Av,40.766779,-73.921479,N,Q,,,,,,,,,11102,33318
67,67,67,IRT,Eastern Parkway,Grand Army Plaza,40.675235,-73.971046,2,3,,,,,,,,,11238,45762
68,68,68,IND,63rd Street,Roosevelt Island,40.759145000000004,-73.95326,F,,,,,,,,,,10044,49076
69,69,69,BMT,Broadway Jamaica,Flushing Av,40.70026,-73.941126,J,M,,,,,,,,,11206,19071
70,70,70,IRT,White Plains Road,Freeman St,40.829993,-73.891865,2,5,,,,,,,,,10459,13167
71,71,71,BMT,Broadway Jamaica,Crescent St,40.683194,-73.873785,J,Z,,,,,,,,,11208,17235
72,72,72,IRT,Lexington,Bowling Green,40.704817,-74.014065,4,5,,,,,,,,,10004,95707
73,73,73,BMT,Broadway Jamaica,Norwood Av,40.68141,-73.880039,J,Z,,,,,,,,,11208,17235
74,74,74,IRT,Lexington,Spring St,40.722301,-73.997141,6,,,,,,,,,,10012,79481
75,75,75,BMT,Brighton,Kings Highway,40.608670000000004,-73.957734,B,Q,,,,,,,,,11229,27997
76,76,76,IRT,Lexington,Borough Hall,40.692403999999996,-73.990151,R,2,3,4,5,,,,,,11201,71656
77,77,77,IND,8 Avenue,163rd St - Amsterdam Av,40.836013,-73.939892,C,,,,,,,,,,10032,20843
78,78,78,IND,Crosstown,21st St,40.744065,-73.949724,G,,,,,,,,,,11101,39670
79,79,79,IND,Culver,Av N,40.615140000000004,-73.974197,F,,,,,,,,,,11230,25068
80,80,80,IND,Fulton,Van Siclen Av,40.672709999999995,-73.89035799999999,A,C,,,,,,,,,11207,18401
81,81,81,IRT,Pelham,Brook Av,40.807565999999994,-73.91924,6,,,,,,,,,,10454,12325
82,82,82,IRT,Lenox,Harlem-148th St,40.823879999999996,-73.93647,3,,,,,,,,,,10039,21880
83,83,83,BMT,Broadway Jamaica,Myrtle Av,40.697207,-73.93565699999999,J,M,Z,,,,,,,,11206,19071
84,84,84,BMT,Astoria,Broadway,40.76182,-73.925508,N,Q,,,,,,,,,11106,33951
85,85,85,IND,Culver,Kings Highway,40.603217,-73.97236099999999,F,,,,,,,,,,11223,23928
86,86,86,BMT,Sea Beach,18th Av,40.620671,-73.990414,N,,,,,,,,,,11204,21242
87,87,87,IND,Concourse,Tremont Av,40.85041,-73.905227,B,D,,,,,,,,,10453,12702
88,88,88,BMT,4 Avenue,36th St,40.655144,-74.00354899999999,N,R,,,,,,,,,11232,22028
89,89,89,IRT,Broadway-7th Ave,50th St,40.761728000000005,-73.98384899999999,1,,,,,,,,,,10019,90151
90,90,90,IRT,Dyre Av,Eastchester-Dyre Av,40.8883,-73.830834,5,,,,,,,,,,10466,21252
91,91,91,IRT,Broadway-7th Ave,59th St-Columbus Circle,40.768246999999995,-73.98192900000001,A,B,C,D,1,,,,,,10019,90151
92,92,92,BMT,Broadway Jamaica,Hewes St,40.70687,-73.95343100000001,J,M,,,,,,,,,11211,35470
93,93,93,BMT,Brighton,Church Av,40.650527000000004,-73.962982,B,Q,,,,,,,,,11226,23110
94,94,94,IRT,White Plains Road,Simpson St,40.824073,-73.893064,2,5,,,,,,,,,10459,13167
95,95,95,IND,8 Avenue,Spring St,40.726227,-74.003739,C,E,,,,,,,,,10013,108003
96,96,96,IND,Queens Boulevard,23rd St-Ely Av,40.747846,-73.946,E,G,M,7,,,,,,,11101,39670
97,97,97,IRT,Lexington,96th St,40.785672,-73.95107,6,,,,,,,,,,10128,92067
98,98,98,IND,Culver,Av X,40.589620000000004,-73.97425,F,,,,,,,,,,11223,23928
99,99,99,IND,6 Avenue,York St,40.699743,-73.986885,F,,,,,,,,,,11201,71656
100,100,100,IND,8 Avenue,Chambers St,40.714110999999995,-74.008585,A,C,E,2,3,,,,,,10007,166343
101,101,101,IND,Rockaway,Beach 105th St,40.583209000000004,-73.827559,H,,,,,,,,,,11694,41019
102,102,102,IND,Liberty,Grant Av,40.677044,-73.86505,A,,,,,,,,,,11208,17235
103,103,103,BMT,Broadway,Lawrence St,40.69218,-73.98594200000001,A,C,F,R,,,,,,,11201,71656
104,104,104,IRT,Lexington,Brooklyn Bridge-City Hall,40.711857,-74.005114,J,Z,4,5,6,,,,,,10013,108003
105,105,105,IRT,Pelham,Middletown Rd,40.843863,-73.836322,6,,,,,,,,,,10461,28443
106,106,106,IRT,White Plains Road,Intervale Av,40.822181,-73.896736,2,5,,,,,,,,,10459,13167
107,107,107,IND,6 Avenue,47-50th Sts Rockefeller Center,40.758663,-73.981329,B,D,F,M,7,,,,,,10020,0
108,108,108,IRT,Broadway-7th Ave,28th St,40.747215000000004,-73.993365,1,,,,,,,,,,10001,86347
109,109,109,IND,8 Avenue,116th St,40.805085,-73.954882,B,C,,,,,,,,,10026,36542
110,110,110,BMT,Astoria,39 Av-Beebe Av,40.752882,-73.932755,N,Q,,,,,,,,,11101,39670
111,111,111,BMT,4 Avenue,Atlantic Av-Barclays Ctr,40.683665999999995,-73.97881,B,Q,D,N,R,2,3,4.0,5.0,,11217,61845
112,112,112,IRT,Broadway-7th Ave,231st St,40.878856,-73.904834,1,,,,,,,,,,10463,31875
113,113,113,IRT,Eastern Parkway,Hoyt St,40.690545,-73.985065,2,3,,,,,,,,,11201,71656
114,114,114,BMT,West End,Bay Parkway,40.601875,-73.993728,D,,,,,,,,,,11214,24952
115,115,115,IND,Crosstown,Long Island City-Court Square,40.746553999999996,-73.943832,G,,,,,,,,,,11101,39670
116,116,116,IND,6 Avenue,Smith-9th St,40.67358,-73.995959,F,G,R,,,,,,,,11231,56806
117,117,117,IND,Fulton,Kingston-Throop,40.679921,-73.94085799999999,A,C,,,,,,,,,11216,32291
118,118,118,IND,Archer Av,Jamaica-Van Wyck,40.702566,-73.816859,E,,,,,,,,,,11418,22888
119,119,119,IRT,Pelham,East 143rd St-St Mary's St,40.808719,-73.907657,6,,,,,,,,,,10455,12897
120,120,120,IRT,Broadway-7th Ave,137th St-City College,40.822008000000004,-73.953676,1,,,,,,,,,,10031,24556
121,121,121,IRT,Lexington,68th St-Hunter College,40.768141,-73.96387,6,,,,,,,,,,10065,122657
122,122,122,BMT,Nassau,Canal St,40.718092,-73.999892,J,N,Q,R,Z,6,,,,,10013,108003
123,123,123,IND,Concourse,167th St,40.833769000000004,-73.918432,B,D,,,,,,,,,10452,14136
124,124,124,BMT,4 Avenue,77th St,40.629742,-74.02551,R,,,,,,,,,,11209,39005
125,125,125,BMT,4 Avenue,86th St,40.622687,-74.028398,R,,,,,,,,,,11209,39005
126,126,126,IND,Concourse,174-175th Sts,40.8459,-73.910136,B,D,,,,,,,,,10457,13626
127,127,127,BMT,Broadway Jamaica,Halsey St,40.686370000000004,-73.91655899999999,J,,,,,,,,,,11221,22084
128,128,128,BMT,4 Avenue,59th St,40.641362,-74.017881,N,R,,,,,,,,,11220,17132
129,129,129,IRT,Eastern Parkway,Atlantic Av-Barclays Ctr,40.684359,-73.977666,B,D,N,Q,R,2,3,4.0,5.0,,11217,61845
130,130,130,IND,Crosstown,Nassau Av,40.724635,-73.951277,G,,,,,,,,,,11222,43603
131,131,131,BMT,Broadway Jamaica,Forest Parkway-85th St,40.692434999999996,-73.86001,J,,,,,,,,,,11421,24385
132,132,132,IRT,Flushing,82nd St-Jackson Heights,40.747659000000006,-73.883697,7,,,,,,,,,,11373,21017
133,133,133,IND,Queens Boulevard,Kew Gardens-Union Turnpike,40.714441,-73.831008,E,F,,,,,,,,,11375,45616
134,134,134,BMT,Canarsie,Bedford Av,40.717304,-73.956872,L,,,,,,,,,,11211,35470
135,135,135,IND,Rockaway,Broad Channel,40.608382,-73.815925,A,H,,,,,,,,,11693,28079
136,136,136,IRT,Lexington,86th St,40.779492,-73.955589,4,5,6,,,,,,,,10028,108183
137,137,137,IRT,Eastern Parkway,Utica Av,40.668896999999994,-73.93294200000001,3,4,,,,,,,,,11213,20401
138,138,138,IND,Crosstown,Clinton-Washington Avs,40.688089,-73.96683900000001,G,,,,,,,,,,11238,45762
139,139,139,BMT,Canarsie,Atlantic Av,40.675345,-73.903097,L,,,,,,,,,,11207,18401
140,140,140,IND,8 Avenue,Cathedral Parkway-110th St,40.800605,-73.958158,B,C,,,,,,,,,10036,77208
141,141,141,IND,6 Avenue,Prospect Park-15 St,40.660365000000006,-73.979493,F,,,,,,,,,,11215,64040
142,142,142,IND,Rockaway,Beach 60th St,40.592374,-73.788522,A,,,,,,,,,,11692,21298
143,143,143,IND,Crosstown,Fulton St,40.687119,-73.975375,G,,,,,,,,,,11217,61845
144,144,144,IRT,Broadway-7th Ave,145th St,40.826551,-73.95036,1,,,,,,,,,,10031,24556
145,145,145,IRT,Pelham,St Lawrence Av,40.831509000000004,-73.86761800000001,6,,,,,,,,,,10472,14624
146,146,146,IND,6 Avenue,Fort Hamilton Parkway,40.650782,-73.975776,F,,,,,,,,,,11218,27647
147,147,147,BMT,Broadway,Canal St (UL),40.719527,-74.001775,J,N,Q,R,Z,6,,,,,10013,108003
148,148,148,IRT,Nostrand,President St,40.667883,-73.950683,2,5,,,,,,,,,11225,27054
149,149,149,IRT,Broadway-7th Ave,168th St,40.840556,-73.94013299999999,A,C,1,,,,,,,,10032,20843
150,150,150,IRT,Broadway-7th Ave,96th St,40.793919,-73.972323,1,2,3,,,,,,,,10025,63711
151,151,151,IND,Rockaway,Beach 44th St,40.592943,-73.776013,A,,,,,,,,,,11691,18914
152,152,152,IRT,Flushing,Mets - Willets Point,40.754622,-73.845625,7,,,,,,,,,,11368,16220
153,153,153,BMT,West End,62nd St,40.626472,-73.996895,D,N,,,,,,,,,11219,15183
154,154,154,IND,Liberty,80th St-Hudson St,40.679371,-73.858992,A,,,,,,,,,,11417,24586
155,155,155,IND,Fulton,Franklin Av,40.68138,-73.956848,A,C,FS,,,,,,,,11238,45762
156,156,156,BMT,Sea Beach,8th Av,40.635064,-74.011719,N,,,,,,,,,,11220,17132
157,157,157,BMT,Broadway Jamaica,Lorimer St,40.703869,-73.947408,J,M,,,,,,,,,11206,19071
158,158,158,BMT,Broadway Jamaica,Marcy Av,40.708359,-73.957757,J,M,Z,,,,,,,,11211,35470
159,159,159,IRT,White Plains Road,238th St-Nereid Av,40.898379,-73.854376,2,5,,,,,,,,,10466,21252
160,160,160,IRT,White Plains Road,Pelham Parkway,40.857192,-73.867615,2,5,,,,,,,,,10462,23628
161,161,161,BMT,Canarsie,Myrtle Av,40.699814,-73.911586,L,M,,,,,,,,,11237,20829
162,162,162,IND,Queens Boulevard,Forest Hills-71st Av,40.721691,-73.844521,e,F,M,R,,,,,,,11375,45616
163,163,163,BMT,Canarsie,Wilson Av,40.688764,-73.904046,L,,,,,,,,,,11207,18401
164,164,164,IRT,New Lots,Rockaway Av,40.662549,-73.908946,3,,,,,,,,,,11224,23518
165,165,165,BMT,West End,79th St,40.613501,-74.00061,D,,,,,,,,,,11214,24952
166,166,166,BMT,Nassau,Chambers St,40.713243,-74.003401,J,Z,4,5,6,,,,,,10007,166343
167,167,167,BMT,Broadway,5th Av,40.764811,-73.973347,N,Q,R,,,,,,,,10019,90151
168,168,168,BMT,Nassau,Bowery,40.720279999999995,-73.993915,J,Z,,,,,,,,,10002,29666
169,169,169,BMT,Canarsie,Morgan Av,40.706152,-73.93314699999999,L,,,,,,,,,,11206,19071
170,170,170,IRT,Jerome,Kingsbridge Rd,40.86776,-73.89717399999999,4,,,,,,,,,,10468,16705
171,171,171,IRT,Lexington,125th St,40.804138,-73.93759399999999,4,5,6,,,,,,,,10035,20743
172,172,172,IRT,Lexington,33rd St,40.746081,-73.982076,6,,,,,,,,,,10017,103346
173,173,173,IRT,Clark,Borough Hall,40.693219,-73.989998,R,2,3,4,5,,,,,,11201,71656
174,174,174,BMT,West End,Bay 50th St,40.588840999999995,-73.983765,D,,,,,,,,,,11223,23928
175,175,175,BMT,Brighton,Atlantic Av,40.684459999999994,-73.97689,B,Q,D,N,R,2,3,4.0,5.0,,11217,61845
176,176,176,IND,6 Avenue,14th St,40.738228,-73.996209,F,L,M,1,2,3,,,,,10011,113379
177,177,177,IRT,42nd St Shuttle,Times Square,40.755983,-73.98622900000001,A,C,E,N,Q,R,GS,1.0,2.0,3.0,10036,77208
178,178,178,IND,Fulton,Hoyt & Schermerhorn,40.688484,-73.985001,A,C,G,,,,,,,,11201,71656
179,179,179,IRT,Pelham,Whitlock Av,40.826525,-73.88628299999999,6,,,,,,,,,,10459,13167
180,180,180,IRT,Broadway-7th Ave,Rector St,40.707513,-74.01378299999999,1,,,,,,,,,,10006,100788
181,181,181,IND,Queens Boulevard,Jamaica-179th St,40.712646,-73.783817,F,,,,,,,,,,11432,22656
182,182,182,IRT,Pelham,East 149th St,40.812118,-73.904098,6,,,,,,,,,,10455,12897
183,183,183,IND,Culver,Bay Parkway-22nd Av,40.620769,-73.975264,F,,,,,,,,,,11230,25068
184,184,184,BMT,Canarsie,Canarsie - Rockaway Parkway,40.645757,-73.9025,L,,,,,,,,,,11236,25876
185,185,185,IND,8 Avenue,Inwood - 207th St,40.868072,-73.919899,A,,,,,,,,,,10034,24538
186,186,186,IND,Queens Boulevard,36th St,40.752039,-73.928781,M,R,,,,,,,,,11101,39670
187,187,187,IRT,Broadway-7th Ave,207th St,40.864614,-73.918819,1,,,,,,,,,,10034,24538
188,188,188,IRT,White Plains Road,149th St-3rd Av,40.816109000000004,-73.917757,2,5,,,,,,,,,10455,12897
189,189,189,BMT,Myrtle,Forest Av,40.704423,-73.903077,M,,,,,,,,,,11385,26235
190,190,190,IND,8 Avenue,175th St,40.847390999999995,-73.939704,A,,,,,,,,,,10033,24421
191,191,191,IND,8 Avenue,81st St - Museum of Natural History,40.781433,-73.972143,B,C,,,,,,,,,10024,106735
192,192,192,IND,8 Avenue,Dyckman St-200th St,40.865491,-73.92727099999999,A,,,,,,,,,,10034,24538
193,193,193,IND,Queens Boulevard,67th Av,40.726523,-73.852719,M,R,,,,,,,,,11375,45616
194,194,194,IRT,Lexington,Brooklyn Bridge-City Hall,40.712723,-74.004971,J,Z,4,5,6,,,,,,10007,166343
195,195,195,IRT,Broadway-7th Ave,191st St,40.855225,-73.929412,1,,,,,,,,,,10040,23744
196,196,196,IRT,Flushing,90th St Elmhurst,40.748408000000005,-73.876613,7,,,,,,,,,,11421,24385
197,197,197,BMT,Coney Island,West 8th St,40.576127,-73.975939,F,Q,,,,,,,,,11224,23518
198,198,198,IRT,Nostrand,Beverly Rd,40.645098,-73.948959,2,5,,,,,,,,,11226,23110
199,199,199,BMT,West End,50th St,40.63626,-73.994791,D,,,,,,,,,,11219,15183
200,200,200,IND,Liberty,104th St-Oxford Av,40.681711,-73.837683,A,,,,,,,,,,11417,24586
201,201,201,IND,Culver,18th Av,40.629754999999996,-73.97697099999999,F,,,,,,,,,,11230,25068
202,202,202,IND,Queens Boulevard,169th St,40.71047,-73.793604,F,,,,,,,,,,11432,22656
203,203,203,IND,8 Avenue,103rd St,40.796092,-73.961454,B,C,,,,,,,,,10025,63711
204,204,204,IRT,Pelham,Westchester Square-East Tremont Av,40.839892,-73.842952,6,,,,,,,,,,10461,28443
205,205,205,IND,Fulton,Shepherd Av,40.67413,-73.88075,A,C,,,,,,,,,11208,17235
206,206,206,IRT,Flushing,Hunters Point,40.742216,-73.948916,7,,,,,,,,,,11101,39670
207,207,207,BMT,Coney Island,Stillwell Av,40.577422,-73.98123299999999,D,F,N,Q,,,,,,,11224,23518
208,209,209,BMT,Broadway,Rector St,40.70722,-74.01334200000001,R,,,,,,,,,,10006,100788
209,210,210,BMT,Broadway Jamaica,Kosciusko St,40.693342,-73.928814,J,,,,,,,,,,11221,22084
210,211,211,BMT,Franklin,Park Place,40.674772,-73.957624,FS,,,,,,,,,,11238,45762
211,212,212,IRT,Flushing,5th Av,40.753821,-73.98196300000001,B,D,F,M,7,,,,,,10018,81964
212,213,213,IND,Liberty,Lefferts Blvd,40.685951,-73.82579799999999,A,,,,,,,,,,11419,21095
213,214,214,IND,6 Avenue,Grand St,40.718267,-73.993753,B,D,,,,,,,,,10002,29666
214,215,215,BMT,Sea Beach,New Utrecht Av,40.624842,-73.996353,D,N,,,,,,,,,11219,15183
215,216,216,IRT,Broadway-7th Ave,103rd St,40.799446,-73.968379,1,,,,,,,,,,10025,63711
216,217,217,BMT,Franklin,Botanic Gardens,40.670343,-73.959245,FS,2,3,4,5,,,,,,11225,27054
217,218,218,IND,Queens Boulevard,Elmhurst Av,40.742453999999995,-73.882017,M,R,,,,,,,,,11373,21017
218,219,219,IRT,Lenox,135th St,40.814229,-73.94077,2,3,,,,,,,,,10030,24542
219,220,220,IRT,Flushing,Junction Blvd,40.749145,-73.869527,7,,,,,,,,,,11368,16220
220,221,221,IND,Culver,Neptune Av-Van Siclen,40.581011,-73.974574,F,,,,,,,,,,11224,23518
221,222,222,IRT,Flushing,Bliss St-46th St,40.743132,-73.918435,7,,,,,,,,,,11104,34638
222,223,223,IND,Rockaway,Beach 98th St,40.585307,-73.82055799999999,H,,,,,,,,,,11694,41019
223,224,224,IND,Queens Boulevard,Parsons Blvd,40.707564,-73.803326,F,,,,,,,,,,11432,22656
224,225,225,BMT,Astoria,36 Av-Washington Av,40.756803999999995,-73.929575,N,Q,,,,,,,,,11106,33951
225,226,226,BMT,Brighton,Stillwell Av,40.577422,-73.98123299999999,D,F,N,Q,,,,,,,11224,23518
226,227,227,IRT,Broadway-7th Ave,238th St,40.884667,-73.90087,1,,,,,,,,,,10463,31875
227,228,228,IND,6 Avenue,4th Av,40.670272,-73.989779,F,,,,,,,,,,11215,64040
228,229,229,BMT,Canarsie,Jefferson St,40.706607,-73.922913,L,,,,,,,,,,11237,20829
229,230,230,IRT,Eastern Parkway,Eastern Parkway-Brooklyn Museum,40.671987,-73.964375,2,3,,,,,,,,,11238,45762
230,231,231,IND,6 Avenue,Delancey St,40.718610999999996,-73.988114,F,J,M,Z,,,,,,,10002,29666
231,232,232,IND,Rockaway,Howard Beach,40.660476,-73.830301,A,,,,,,,,,,11414,35737
232,233,233,IRT,Broadway-7th Ave,125th St,40.815581,-73.958372,1,,,,,,,,,,10027,28396
233,234,234,IRT,Jerome,Fordham Rd,40.862803,-73.901034,4,,,,,,,,,,10468,16705
234,235,235,IND,Queens Boulevard,Briarwood-Van Wyck Blvd,40.709179,-73.820574,F,,,,,,,,,,11435,24100
235,236,236,IRT,Flushing,Grand Central-42nd St,40.751431,-73.97604100000001,GS,4,5,6,7,,,,,,10174,0
236,237,237,IRT,Jerome,Yankee Stadium-161st St,40.827994,-73.925831,B ,D,4,,,,,,,,10451,17663
237,238,238,IRT,Lexington,Canal St,40.718803,-74.00019300000001,J,N,Q,R,Z,6,,,,,10013,108003
238,239,239,IRT,Lexington,51st St,40.757107,-73.97192,E,M,6,,,,,,,,10022,133504
239,240,240,IRT,White Plains Road,Jackson Av,40.81649,-73.90780699999999,2,5,,,,,,,,,10455,12897
240,241,241,BMT,West End,71st St,40.619589000000005,-73.998864,D,,,,,,,,,,11228,30059
241,242,242,IND,Rockaway,Aqueduct-North Conduit Av,40.668234000000005,-73.834058,A,,,,,,,,,,11417,24586
242,243,243,IRT,Jerome,Bedford Park Blvd-Lehman College,40.873412,-73.890064,4,,,,,,,,,,10468,16705
243,244,244,IRT,Lexington,Bleecker St,40.725915,-73.994659,B,D,F,M,6,,,,,,10012,79481
244,245,245,BMT,Nassau,Chambers St,40.71419,-74.003199,J,Z,4,5,6,,,,,,10007,166343
245,246,246,IND,Liberty,Rockaway Blvd,40.680429,-73.843853,A,,,,,,,,,,11417,24586
246,247,247,BMT,Brighton,7th Av,40.67705,-73.972367,B,Q,,,,,,,,,11217,61845
247,248,248,IND,Queens Boulevard,Grand Av-Newtown,40.737015,-73.877223,M,R,,,,,,,,,11373,21017
248,249,249,BMT,West End,20th Av,40.604556,-73.998168,D,,,,,,,,,,11214,24952
249,250,250,BMT,Brighton,West 8th St,40.576127,-73.975939,F,Q,,,,,,,,,11224,23518
250,251,251,IND,Culver,Av U,40.596063,-73.973357,F,,,,,,,,,,11223,23928
251,252,252,IND,Fulton,Jay St - Borough Hall,40.692338,-73.987342,A,C,F,R,,,,,,,11201,71656
252,253,253,IND,6 Avenue,Broadway-Lafayette St,40.725297,-73.996204,B,D,F,M,6,,,,,,10012,79481
253,254,254,IND,8 Avenue,50th St,40.762456,-73.985984,C,E,,,,,,,,,10019,90151
254,256,256,IRT,Jerome,Burnside Av,40.853453,-73.907684,4,,,,,,,,,,10453,12702
255,257,257,IRT,Eastern Parkway,Nevins St,40.688246,-73.980492,2,3,4,5,,,,,,,11217,61845
256,258,258,IRT,Flushing,103rd St,40.749865,-73.8627,7,,,,,,,,,,11368,16220
257,259,259,IRT,New Lots,New Lots Av,40.666235,-73.884079,3,,,,,,,,,,11207,18401
258,260,260,IND,Fulton,Broadway Junction-East New York,40.678334,-73.905316,A,C,J,L,,,,,,,11233,21478
259,261,261,BMT,Sea Beach,20th Av,40.61741,-73.985026,N,,,,,,,,,,11204,21242
260,262,262,BMT,Broadway Jamaica,111th St,40.697418,-73.836345,J,,,,,,,,,,11418,22888
261,263,263,BMT,Broadway Jamaica,Gates Av,40.68963,-73.92227,J,Z,,,,,,,,,11221,22084
262,264,264,IND,8 Avenue,59th St,40.768296,-73.981736,A,B,C,D,1,,,,,,10023,111473
263,265,265,IND,Concourse,Bedford Park Blvd,40.873244,-73.88713800000001,B,D,,,,,,,,,10468,16705
264,266,266,IRT,Lexington,Brooklyn Bridge-City Hall,40.713889,-74.003654,J,Z,4,5,6,,,,,,10007,166343
265,267,267,BMT,West End,25th Av,40.597704,-73.986829,D,,,,,,,,,,11214,24952
266,268,268,BMT,Brighton,Av J,40.625039,-73.960803,B,Q,,,,,,,,,11230,25068
267,269,269,IRT,Lenox,110th St-Central Park North,40.799075,-73.95182199999999,2,3,,,,,,,,,10026,36542
268,270,270,IND,Concourse,182nd-183rd Sts,40.856093,-73.900741,B,D,,,,,,,,,10457,13626
269,271,271,IRT,Eastern Parkway,Bergen St,40.680828999999996,-73.975098,2,3,,,,,,,,,11217,61845
270,272,272,IRT,White Plains Road,Prospect Av,40.819585,-73.90177,2,5,,,,,,,,,10455,12897
271,273,273,IND,8 Avenue,World Trade Center,40.712582,-74.009781,A,C,E,2,3,,,,,,10007,166343
272,274,274,IRT,Flushing,Fisk Av-69th St,40.746325,-73.896403,7,,,,,,,,,,11377,24382
273,275,275,IND,Crosstown,Classon Av,40.688873,-73.96007,G,,,,,,,,,,11238,45762
274,276,276,IND,Queens Boulevard,Steinway St,40.756879,-73.92074000000001,M,R,,,,,,,,,11103,35378
275,277,277,IRT,White Plains Road,Allerton Av,40.865462,-73.867352,2,5,,,,,,,,,10467,17484
276,278,278,IRT,White Plains Road,233rd St,40.893193,-73.857473,2,5,,,,,,,,,10466,21252
277,279,279,IND,Queens Boulevard,65th St,40.749669,-73.898453,M,R,,,,,,,,,11377,24382
278,280,280,IND,63rd Street,21st St,40.754203000000004,-73.942836,F,,,,,,,,,,11101,39670
279,281,281,IRT,Clark,Clark St,40.697466,-73.993086,2,3,,,,,,,,,11201,71656
280,282,282,IRT,Flushing,Woodside Av-61st St,40.74563,-73.902984,7,,,,,,,,,,11377,24382
281,283,283,IND,8 Avenue,42nd St,40.757308,-73.989735,A,C,E,N,Q,R,S,1.0,2.0,3.0,10036,77208
282,284,284,IND,Concourse,170th St,40.839306,-73.9134,B,D,,,,,,,,,10452,14136
283,285,285,BMT,Broadway,Court St,40.6941,-73.991777,R,2,3,4,5,,,,,,11201,71656
284,286,286,IND,Queens Boulevard,Jackson Heights-Roosevelt Ave,40.746644,-73.891338,E,F,M,R,7,,,,,,11372,26735
285,287,287,BMT,Brighton,Neck Rd,40.595246,-73.955161,B,Q,,,,,,,,,11229,27997
286,288,288,BMT,Nassau,Essex St,40.718315000000004,-73.987437,F,J,M,Z,,,,,,,10002,29666
287,289,289,IRT,Broadway-7th Ave,34th St,40.750372999999996,-73.991057,1,2,3,,,,,,,,10119,0
288,290,290,IRT,New Lots,Saratoga Av,40.661453,-73.916327,3,,,,,,,,,,11212,17064
289,291,291,IRT,Pelham,Castle Hill Av,40.834255,-73.85122199999999,6,,,,,,,,,,10462,23628
290,292,292,IND,Fulton,Lafayette Av,40.686113,-73.973946,C,,,,,,,,,,11217,61845
291,293,293,BMT,Broadway,23rd St,40.741303,-73.98934399999999,N,R,,,,,,,,,10010,83240
292,294,294,BMT,Canarsie,Canarsie - Rockaway Parkway,40.645957,-73.901741,L,,,,,,,,,,11236,25876
293,295,295,BMT,West End,18th Av,40.607954,-74.001736,D,,,,,,,,,,11214,24952
294,296,296,IND,Fulton,Euclid Av,40.675377000000005,-73.872106,A,C,,,,,,,,,11208,17235
295,297,297,IRT,Lexington,Brooklyn Bridge-City Hall,40.712868,-74.004806,J,Z,4,5,6,,,,,,10007,166343
296,298,298,IRT,Broadway-7th Ave,79th St,40.783934,-73.979917,1,,,,,,,,,,10024,106735
297,299,299,BMT,Canarsie,Lorimer St,40.714063,-73.950275,G,L,,,,,,,,,11211,35470
298,300,300,IRT,Broadway-7th Ave,Chambers St,40.715478000000004,-74.009266,1,2,3,,,,,,,,10013,108003
299,301,301,BMT,Canarsie,New Lots Av,40.658733000000005,-73.899232,L,,,,,,,,,,11207,18401
300,302,302,IRT,Broadway-7th Ave,18th St,40.741040000000005,-73.99787099999999,1,,,,,,,,,,10011,113379
301,303,303,IND,8 Avenue,96th St,40.791646,-73.964699,B,C,,,,,,,,,10025,63711
302,304,304,BMT,Canarsie,Canarsie - Rockaway Parkway,40.646654,-73.90185,L,,,,,,,,,,11236,25876
303,305,305,IRT,Dyre Av,Baychester Av,40.878663,-73.83859100000001,5,,,,,,,,,,10469,23628
304,306,306,IRT,New Lots,Pennsylvania Av,40.664635,-73.89489499999999,3,,,,,,,,,,11207,18401
305,307,307,BMT,Canarsie,Grand St,40.711926,-73.94067,L,,,,,,,,,,11211,35470
306,308,308,BMT,Canarsie,DeKalb Av,40.703811,-73.918425,L,,,,,,,,,,11237,20829
307,309,309,BMT,Broadway Jamaica,Chauncey St,40.682893,-73.91045600000001,J,Z,,,,,,,,,11207,18401
308,310,310,IRT,Broadway-7th Ave,Christopher St,40.733422,-74.00290600000001,1,,,,,,,,,,10014,115888
309,311,311,BMT,Canarsie,Sutter Av,40.669367,-73.901975,L,,,,,,,,,,11207,18401
310,312,312,IRT,Dyre Av,Pelham Parkway,40.858985,-73.85535899999999,5,,,,,,,,,,10469,23628
311,313,313,BMT,Astoria,Astoria Blvd-Hoyt Av,40.770258,-73.917843,N,Q,,,,,,,,,11102,33318
312,314,314,IRT,White Plains Road,East 180th St,40.841894,-73.873488,2,5,,,,,,,,,10460,13186
313,315,315,IND,8 Avenue,135th St,40.817894,-73.947649,B,C,,,,,,,,,10030,24542
314,316,316,IRT,Jerome,138th St,40.813224,-73.929849,4,5,,,,,,,,,10451,17663
315,317,317,BMT,Brighton,Beverly Rd,40.644031,-73.964492,B,Q,,,,,,,,,11226,23110
316,318,318,IRT,Lexington,Brooklyn Bridge-City Hall,40.713813,-74.003907,J,Z,4,5,6,,,,,,10007,166343
317,319,319,IRT,Flushing,111th St,40.75173,-73.855334,7,,,,,,,,,,11368,16220
318,320,320,IRT,Lexington,Astor Place,40.730053999999996,-73.99107,6,,,,,,,,,,10003,85199
319,321,321,IND,6 Avenue,23rd St,40.742878000000005,-73.99282099999999,F,M,,,,,,,,,10010,83240
320,322,322,IRT,Lexington,Brooklyn Bridge-City Hall,40.711824,-74.005057,J,Z,4,5,6,,,,,,10013,108003
321,324,324,BMT,Sea Beach,Fort Hamilton Parkway,40.631386,-74.005351,N,,,,,,,,,,11219,15183
322,325,325,IND,Rockaway,Beach 67th St,40.590927,-73.796924,A,,,,,,,,,,11692,21298
323,326,326,BMT,Nassau,Fulton St,40.710374,-74.007582,A,C,J,Z,2,3,4,5.0,,,10038,59706
324,327,327,IRT,Pelham,Zerega Av,40.836488,-73.847036,6,,,,,,,,,,10462,23628
325,328,328,IRT,White Plains Road,East Tremont Av-West Farms Sq,40.840295000000005,-73.880049,2,5,,,,,,,,,10460,13186
326,329,329,IRT,Lexington,23rd St,40.739864000000004,-73.986599,6,,,,,,,,,,10010,83240
327,330,330,IND,Queens Boulevard,46th St,40.756312,-73.913333,M,R,,,,,,,,,11103,35378
328,331,331,IRT,Flushing,Broadway-74th St,40.746848,-73.89139399999999,E,F,M,R,7,,,,,,11372,26735
329,332,332,IRT,Broadway-7th Ave,215th St,40.869444,-73.915279,1,,,,,,,,,,10034,24538
330,333,333,IRT,White Plains Road,219th St,40.883895,-73.862633,2,5,,,,,,,,,10467,17484
331,334,334,IRT,Broadway-7th Ave,116th St-Columbia University,40.807722,-73.96410999999999,1,,,,,,,,,,10027,28396
332,335,335,IRT,Broadway-7th Ave,Van Cortlandt Park-242nd St,40.889247999999995,-73.898583,1,,,,,,,,,,10463,31875
333,336,336,IRT,Lexington,77th St,40.77362,-73.959874,6,,,,,,,,,,10075,113474
334,337,337,IRT,Lexington,Fulton St,40.710368,-74.009509,A,C,J,Z,2,3,4,5.0,,,10038,59706
335,338,338,BMT,Brighton,Av U,40.5993,-73.955929,B,Q,,,,,,,,,11229,27997
336,339,339,IND,Concourse,Fordham Rd,40.861296,-73.897749,B,D,,,,,,,,,10458,15656
337,340,340,BMT,4 Avenue,45th St,40.648939,-74.010006,R,,,,,,,,,,11220,17132
338,341,341,IRT,Lexington,Grand Central-42nd St,40.751776,-73.976848,GS,4,5,6,7,,,,,,10017,103346
339,342,342,IRT,Jerome,Woodlawn,40.886037,-73.878751,4,,,,,,,,,,10467,17484
340,343,343,IND,Archer Av,Parsons Blvd-Archer Av - Jamaica Center,40.702147,-73.801109,E,J,Z,,,,,,,,11432,22656
341,344,344,IRT,Broadway-7th Ave,86th St,40.788644,-73.976218,1,,,,,,,,,,10024,106735
342,345,345,BMT,West End,9th Av,40.646291999999995,-73.994324,D,,,,,,,,,,11219,15183
343,346,346,IND,8 Avenue,Broadway-Nassau,40.710196999999994,-74.00769100000001,A,C,J,Z,2,3,4,5.0,,,10038,59706
344,347,347,IND,Concourse,Yankee Stadium-161st St,40.827905,-73.925651,B,D,4,,,,,,,,10451,17663
345,348,348,BMT,Sea Beach,Av U,40.597473,-73.979137,N,,,,,,,,,,11223,23928
346,349,349,IND,6 Avenue,57th St,40.763971999999995,-73.97745,F,,,,,,,,,,10019,90151
347,350,350,IND,Culver,Av P,40.608944,-73.973022,F,,,,,,,,,,11223,23928
348,351,351,IRT,Jerome,167th St,40.835537,-73.9214,4,,,,,,,,,,10452,14136
349,352,352,BMT,Broadway,Times Square-42nd St,40.754672,-73.986754,A,C,E,N,Q,R,S,1.0,2.0,3.0,10018,81964
350,353,353,BMT,Brighton,Av M,40.617618,-73.959399,B,Q,,,,,,,,,11230,25068
351,354,354,IRT,White Plains Road,174th St,40.837288,-73.887734,2,5,,,,,,,,,10460,13186
352,355,355,IRT,Jerome,149th St-Grand Concourse,40.818375,-73.927351,2,4,5,,,,,,,,10451,17663
353,356,356,BMT,Broadway,57th St,40.764664,-73.98065799999999,N,Q,R,,,,,,,,10019,90151
354,357,357,IND,6 Avenue,2nd Av,40.723402,-73.989938,F,,,,,,,,,,10003,85199
355,358,358,IRT,Lenox,116th St,40.802098,-73.949625,2,3,,,,,,,,,10026,36542
356,359,359,BMT,Canarsie,1st Av,40.730953,-73.981628,L,,,,,,,,,,10009,46499
357,360,360,IRT,Pelham,Parkchester-East 177th St,40.833226,-73.860816,6,,,,,,,,,,10472,14624
358,361,361,IRT,Lenox,145th St,40.820421,-73.936245,3,,,,,,,,,,10037,26927
359,362,362,IND,Crosstown,Bedford-Nostrand Avs,40.689627,-73.95352199999999,G,,,,,,,,,,11205,27341
360,363,363,IRT,Nostrand,Newkirk Av,40.639967,-73.948411,2,5,,,,,,,,,11226,23110
361,364,364,BMT,4 Avenue,Prospect Av,40.665414,-73.99287199999999,R,,,,,,,,,,11215,64040
362,365,365,BMT,Broadway Jamaica,Van Siclen Av,40.678024,-73.891688,J,Z,,,,,,,,,11207,18401
363,366,366,IRT,Lenox,125th St,40.807753999999996,-73.945495,2,3,,,,,,,,,10027,28396
364,367,367,IND,Rockaway,Rockaway Park-Beach 116th,40.580903,-73.835592,H,,,,,,,,,,11694,41019
365,368,368,IRT,Jerome,Mt Eden Av,40.844434,-73.91468499999999,4,,,,,,,,,,10452,14136
366,369,369,BMT,Canarsie,6th Av,40.737334999999995,-73.996786,F,L,M,1,2,3,,,,,10011,113379
367,370,370,BMT,4 Avenue,Bay Ridge Av,40.634966999999996,-74.023377,R,,,,,,,,,,11220,17132
368,371,371,IRT,Broadway-7th Ave,Houston St,40.728251,-74.005367,1,,,,,,,,,,10014,115888
369,372,372,IRT,Eastern Parkway,Nostrand Av,40.669847,-73.950466,3,,,,,,,,,,11225,27054
370,373,373,IRT,Lexington,28th St,40.74307,-73.984264,6,,,,,,,,,,10016,87451
371,374,374,BMT,Astoria,Ditmars Blvd,40.775036,-73.91203399999999,N,Q,,,,,,,,,11105,36434
372,375,375,IND,Queens Boulevard,Queens Plaza,40.748973,-73.93724300000001,E,M,R,,,,,,,,11101,39670
373,376,376,IRT,Jerome,183rd St,40.858407,-73.903879,4,,,,,,,,,,10458,15656
374,377,377,IRT,White Plains Road,Burke Av,40.871356,-73.867164,2,5,,,,,,,,,10467,17484
375,378,378,IND,6 Avenue,7th Av,40.666271,-73.980305,F,,,,,,,,,,11215,64040
376,379,379,IRT,Broadway-7th Ave,Dyckman St,40.860531,-73.925536,1,,,,,,,,,,10040,23744
377,380,380,IND,Rockaway,Far Rockaway-Mott Av,40.603995,-73.75540500000001,A,,,,,,,,,,11691,18914
378,381,381,IRT,New Lots,Junius St,40.663515000000004,-73.902447,3,,,,,,,,,,11212,17064
379,382,382,BMT,Brighton,Brighton Beach,40.577621,-73.961376,B,Q,,,,,,,,,11235,29449
380,383,383,IRT,White Plains Road,Wakefield-241st St,40.903125,-73.85061999999999,2,5,,,,,,,,,10470,29849
381,384,384,BMT,4 Avenue,DeKalb Av,40.690635,-73.981824,B,Q,R,,,,,,,,11201,71656
382,385,385,IND,Crosstown,Broadway,40.706092,-73.95030799999999,G,,,,,,,,,,11211,35470
383,386,386,IND,Queens Boulevard,7th Av,40.762862,-73.981637,B,D,E,,,,,,,,10019,90151
384,387,387,IRT,Broadway-7th Ave,Marble Hill-225th St,40.874561,-73.90983100000001,1,,,,,,,,,,10034,24538
385,388,388,IRT,Pelham,Morrison Av-Soundview Av,40.829521,-73.874516,6,,,,,,,,,,10472,14624
386,389,389,BMT,Canarsie,8th Av,40.739777000000004,-74.002578,A,C,E,L,,,,,,,10014,115888
387,390,390,BMT,Broadway,8th St,40.730328,-73.99262900000001,N,R,,,,,,,,,10003,85199
388,391,391,IND,Liberty,88th St-Boyd Av,40.679843,-73.85146999999999,A,,,,,,,,,,11417,24586
389,392,392,IRT,White Plains Road,Gun Hill Rd,40.87785,-73.866256,2,5,,,,,,,,,10467,17484
390,393,393,IND,6 Avenue,East Broadway,40.713715,-73.990173,F,,,,,,,,,,10002,29666
391,394,394,IRT,Lexington,59th St,40.762526,-73.967967,N,Q,R,4,5,6,,,,,10022,133504
392,395,395,IND,Queens Boulevard,Northern Blvd,40.752885,-73.906006,M,R,,,,,,,,,11377,24382
393,396,396,IND,Fulton,Clinton & Washington Avs,40.683263000000004,-73.965838,C,,,,,,,,,,11238,45762
394,397,397,BMT,Broadway,City Hall,40.713282,-74.006978,R,,,,,,,,,,10007,166343
395,398,398,BMT,Broadway Jamaica,121st St,40.700492,-73.828294,J,Z,,,,,,,,,11418,22888
396,399,399,IRT,Pelham,Hunts Point Av,40.820948,-73.890549,6,,,,,,,,,,10459,13167
397,400,400,BMT,Broadway,49th St,40.759901,-73.984139,N,Q,R,,,,,,,,10036,77208
398,401,401,IRT,Flushing,Rawson St-33rd St,40.744587,-73.93099699999999,7,,,,,,,,,,11101,39670
399,402,402,BMT,Broadway,Union Square,40.735735999999996,-73.99056800000001,L,N,Q,R,4,5,6,,,,10003,85199
400,403,403,BMT,Broadway Jamaica,Elderts Lane-75th St,40.691324,-73.867139,J,Z,,,,,,,,,11421,24385
401,404,404,IRT,Broadway-7th Ave,23rd St,40.744081,-73.995657,1,,,,,,,,,,10011,113379
402,405,405,IRT,Pelham,Cypress Av,40.805368,-73.91404200000001,6,,,,,,,,,,10454,12325
403,406,406,BMT,Canarsie,3rd Av,40.732849,-73.986122,L,,,,,,,,,,10003,85199
404,407,407,IND,8 Avenue,86th St,40.785868,-73.96891600000001,B,C,,,,,,,,,10024,106735
405,408,408,IRT,Clark,Wall St,40.706821000000005,-74.0091,2,3,,,,,,,,,10005,99511
406,409,409,IRT,Broadway-7th Ave,181st St,40.849505,-73.933596,1,,,,,,,,,,10033,24421
407,410,410,BMT,Myrtle,Knickerbocker Av,40.698664,-73.91971099999999,M,,,,,,,,,,11237,20829
408,411,411,IND,8 Avenue,181st St,40.851695,-73.937969,A,,,,,,,,,,10033,24421
409,412,412,IRT,Broadway-7th Ave,Times Square,40.75529,-73.987495,A,C,E,N,Q,R,S,1.0,2.0,3.0,10036,77208
410,413,413,IND,8 Avenue,14th St,40.740893,-74.00169,A,C,E,L,,,,,,,10011,113379
411,414,414,IRT,Eastern Parkway,Franklin Av,40.670682,-73.95813100000001,FS,2,3,4,5,,,,,,11225,27054
412,415,415,IRT,Pelham,Pelham Bay Park,40.852462,-73.828121,6,,,,,,,,,,10461,28443
413,416,416,BMT,Canarsie,Montrose Av,40.707739000000004,-73.93985,L,,,,,,,,,,11206,19071
414,417,417,IND,8 Avenue,23rd St,40.745906,-73.998041,C,E,,,,,,,,,10001,86347
415,419,419,IRT,New Lots,Van Siclen Av,40.665449,-73.889395,3,,,,,,,,,,11207,18401
416,420,420,IRT,Eastern Parkway,Kingston Av,40.669399,-73.942161,3,,,,,,,,,,11213,20401
417,421,421,BMT,Broadway,28th St,40.745494,-73.988691,N,R,,,,,,,,,10001,86347
418,422,422,BMT,Franklin,Franklin Av,40.680596,-73.955827,A,FS,,,,,,,,,11238,45762
419,423,423,IRT,Broadway-7th Ave,66th St-Lincoln Center,40.77344,-73.982209,1,,,,,,,,,,10023,111473
420,424,424,IRT,Clark,Fulton St,40.709416,-74.006571,A,C,J,Z,2,3,4,5.0,,,10038,59706
421,425,425,IND,8 Avenue,West 4th St,40.732338,-74.000495,A,B,C,D,E,F,M,,,,10011,113379
422,426,426,IND,Archer Av,Sutphin Blvd-Archer Av - JFK,40.700486,-73.807969,E,J,Z,,,,,,,,11435,24100
423,427,427,IND,6 Avenue,Bergen St,40.686145,-73.99086199999999,F,G,,,,,,,,,11201,71656
424,428,428,IRT,White Plains Road,Bronx Park East,40.848828000000005,-73.86845699999999,2,5,,,,,,,,,10462,23628
425,429,429,IND,6 Avenue,47-50th Sts Rockefeller Center,40.758663,-73.981329,B,D,F,M,,,,,,,10020,0
426,430,430,BMT,Brighton,Newkirk Av,40.635082000000004,-73.962793,B,Q,,,,,,,,,11226,23110
427,431,431,IND,8 Avenue,145th St,40.824783000000004,-73.944216,A,B,C,D,,,,,,,10031,24556
428,432,432,IRT,Flushing,Flushing-Main St,40.7596,-73.83003000000001,7,,,,,,,,,,11354,23503
429,433,433,IRT,Lexington,Brooklyn Bridge-City Hall,40.713065,-74.004131,J,Z,4,5,6,,,,,,10007,166343
430,434,434,BMT,Canarsie,East 105th St,40.650573,-73.899485,L,,,,,,,,,,11236,25876
431,435,435,IRT,Lexington,Brooklyn Bridge-City Hall,40.712333,-74.004387,J,Z,4,5,6,,,,,,10007,166343
432,436,436,IND,6 Avenue,Church Av,40.644040999999994,-73.979678,F,,,,,,,,,,11218,27647
433,437,437,IND,Queens Boulevard,Forest Hills-71st Av,40.721691,-73.844521,E,F,M,R,,,,,,,11375,45616
434,438,438,IND,Crosstown,Metropolitan Av,40.712792,-73.951418,G,L,,,,,,,,,11211,35470
435,439,439,IND,Culver,Ditmas Av,40.636119,-73.978172,F,,,,,,,,,,11218,27647
436,440,440,IND,Rockaway,Beach 90th St,40.588034,-73.813641,H,,,,,,,,,,11693,28079
437,441,441,BMT,4 Avenue,Union St,40.677316,-73.98311,R,,,,,,,,,,11215,64040
438,442,442,BMT,Brighton,Ocean Parkway,40.576312,-73.968501,Q,,,,,,,,,,11235,29449
439,443,443,IND,Liberty,111th St-Greenwood Av,40.684331,-73.832163,A,,,,,,,,,,11419,21095
440,444,444,IRT,Flushing,Vernon Blvd-Jackson Av,40.742626,-73.953581,7,,,,,,,,,,11101,39670
441,445,445,BMT,Broadway,Whitehall St,40.703087,-74.01299399999999,R,1,,,,,,,,,10004,95707
442,446,446,BMT,4 Avenue,Pacific St,40.683665999999995,-73.97881,B,Q,D,N,R,2,3,4.0,5.0,,11217,61845
443,447,447,IRT,Nostrand,Flatbush Av-Brooklyn College,40.632836,-73.947642,2,5,,,,,,,,,11210,26617
444,448,448,BMT,Nassau,Broad St,40.706476,-74.01105600000001,J,Z,,,,,,,,,10005,99511
445,449,449,BMT,Myrtle,Fresh Pond Rd,40.706185999999995,-73.895877,M,,,,,,,,,,11385,26235
446,450,450,IND,Culver,Av I,40.625322,-73.976127,F,,,,,,,,,,11230,25068
447,451,451,BMT,Canarsie,Bushwick Av,40.682829,-73.905249,L,,,,,,,,,,11207,18401
448,452,452,IRT,Broadway-7th Ave,157th St,40.834041,-73.94489,1,,,,,,,,,,10032,20843
449,453,453,IRT,Broadway-7th Ave,Cathedral Parkway-110th St,40.803967,-73.966847,1,,,,,,,,,,10025,63711
450,454,454,IRT,Broadway-7th Ave,Canal St,40.722854,-74.006277,1,,,,,,,,,,10013,108003
451,455,455,IND,8 Avenue,190th St,40.859021999999996,-73.93418,A,,,,,,,,,,10040,23744
452,456,456,BMT,Myrtle,Metropolitan Av,40.711396,-73.889601,M,,,,,,,,,,11379,34291
453,457,457,IND,Crosstown,Greenpoint Av,40.731352,-73.954449,G,,,,,,,,,,11222,43603
454,458,458,IRT,White Plains Road,225th St,40.888022,-73.860341,2,5,,,,,,,,,10466,21252
455,459,459,IND,Crosstown,Flushing Av,40.700377,-73.950234,G,,,,,,,,,,11206,19071
456,460,460,IRT,Flushing,Lowery St-40th St,40.743781,-73.92401600000001,7,,,,,,,,,,11104,34638
457,461,461,BMT,Brighton,Prospect Park,40.661614,-73.962246,B,Q,FS,,,,,,,,11226,23110
458,462,462,IND,Queens Boulevard,Lexington Av-53rd St,40.757552000000004,-73.96905500000001,E,M,6,,,,,,,,10022,133504
459,463,463,IND,Concourse,Norwood-205th St,40.874811,-73.878855,D,,,,,,,,,,10467,17484
460,464,464,IND,Rockaway,Aqueduct Racetrack,40.672131,-73.835812,A,,,,,,,,,,11420,22303
461,465,465,BMT,Sea Beach,Bay Parkway-22nd Av,40.611815,-73.981848,N,,,,,,,,,,11204,21242
462,466,466,IND,Concourse,Kingsbridge Rd,40.866978,-73.893509,B,D,,,,,,,,,10458,15656
463,467,467,IND,8 Avenue,168th St - Washington Heights,40.840719,-73.939561,A,C,,,,,,,,,10032,20843
464,468,468,IND,8 Avenue,Canal St,40.720824,-74.005229,A,C,E,,,,,,,,10013,108003
465,469,469,IRT,Lexington,Wall St,40.707557,-74.011862,4,5,,,,,,,,,10006,100788
466,470,470,IND,Fulton,Liberty Av,40.674541999999995,-73.896548,A,C,,,,,,,,,11207,18401
467,471,471,IND,8 Avenue,155th St,40.830518,-73.941514,C,,,,,,,,,,10032,20843
468,472,472,IND,Rockaway,Beach 25th St,40.600066,-73.761353,A,,,,,,,,,,11691,18914
469,473,473,IND,63rd Street,Lexington Av,40.764627000000004,-73.96611,F,,,,,,,,,,10065,122657
470,474,474,IRT,Jerome,176th St,40.84848,-73.911794,4,,,,,,,,,,10453,12702
471,475,475,IRT,Pelham,Elder Av,40.828584,-73.879159,6,,,,,,,,,,10472,14624
